No,filename,diag_pred,diag_gt,age,site,sex
129,LMCI_002_S_4219_201203_05_FC,1,1,80.0,4,0
170,AD_006_S_4153_201203_05_FC,2,2,80.0,4,1
156,EMCI_130_S_4883_201305_05_FC,1,1,77.0,4,0
3,EMCI_018_S_2155_201012_06_FC,1,1,69.0,4,0
184,OAS30701_MR_d0054,0,0,45.977,5,0
169,EMCI_129_S_2332_201705_01_FC,1,1,77.0,4,0
25,MCI_100_S_0296_201404_05_FC,1,1,87.0,4,1
123,MCI_024_S_6033_201712_01_FC,1,1,58.0,4,0
24,EMCI_067_S_4184_201711_01_FC,1,1,69.0,4,0
161,EMCI_018_S_2138_201104_05_FC,1,1,82.0,4,1
92,LMCI_037_S_4214_201702_01_FC,1,1,80.0,4,1
102,AD_019_S_4477_201201_06_FC,2,2,82.0,4,0
59,EMCI_053_S_2396_201608_05_FC,1,1,75.0,4,0
155,OAS31028_MR_d1285,0,0,66.724,5,0
121,AD_003_S_6264_201806_01_FC,1,2,75.0,4,1
117,LMCI_129_S_4287_201210_06_FC,1,1,72.0,4,0
110,EMCI_027_S_2219_201704_01_FC,1,1,81.0,4,1
67,EMCI_018_S_2155_201112_08_FC,1,1,70.0,4,0
74,NC_941_S_6054_201707_01_FC,1,0,79.0,4,0
60,EMCI_130_S_4415_201401_05_FC,1,1,77.0,4,0
182,AD_006_S_4867_201208_06_FC,2,2,74.0,4,1
70,MCI_135_S_6446_201806_01_FC,0,1,61.0,4,1
35,OAS30808_MR_d3453,1,0,81.021,5,0
73,MCI_041_S_1418_201708_01_FC,1,1,92.0,4,1
26,LMCI_002_S_4654_201604_05_FC,1,1,80.0,4,0
62,EMCI_018_S_2133_201108_05_FC,1,1,63.0,4,0
175,LMCI_019_S_4293_201210_06_FC,1,1,71.0,4,1
18,EMCI_031_S_2022_201007_05_FC,1,1,66.0,4,1
87,AD_130_S_4971_201305_05_FC,2,2,77.0,4,1
180,EMCI_007_S_4272_201801_01_FC,1,1,77.0,4,1
128,EMCI_100_S_4556_201405_05_FC,1,1,75.0,4,1
132,EMCI_019_S_4680_201204_05_FC,1,1,63.0,4,0
2,EMCI_027_S_2245_201702_01_FC,1,1,63.0,4,0
173,EMCI_006_S_4679_201206_05_FC,1,1,69.0,4,1
58,EMCI_018_S_4597_201208_07_FC,1,1,69.0,4,0
49,OAS31011_MR_d0089,0,0,72.12,5,1
165,AD_053_S_5208_201306_06_FC,1,2,68.7,4,1
150,EMCI_031_S_2018_201307_07_FC,1,1,80.0,4,0
100,LMCI_031_S_4721_201208_05_FC,1,1,86.0,4,1
106,MCI_053_S_0919_201511_05_FC,1,1,72.0,4,1
9,EMCI_130_S_2403_201310_05_FC,1,1,81.0,4,0
177,NC_094_S_6468_201807_01_FC,1,0,69.0,4,1
163,EMCI_136_S_4956_201210_05_FC,1,1,68.0,4,0
36,EMCI_018_S_2133_201201_06_FC,1,1,64.0,4,0
109,EMCI_141_S_4160_201807_01_FC,1,1,81.0,4,1
107,OAS30992_MR_d0470,0,0,64.457,5,0
113,AD_019_S_4252_201210_05_FC,2,2,87.0,4,0
160,AFM0212,0,0,65.0,3,0
12,EMCI_018_S_2133_201312_06_FC,1,1,66.0,4,0
61,AD_116_S_6543_201808_01_FC,1,2,72.2,4,1
32,LMCI_006_S_4346_201111_05_FC,1,1,71.0,4,1
176,MCI_035_S_6380_201806_01_FC,1,1,56.0,4,0
135,LMCI_013_S_4985_201304_05_FC,1,1,79.0,4,0
174,LMCI_031_S_4029_201304_05_FC,1,1,63.0,4,1
51,LMCI_006_S_4515_201205_06_FC,1,1,75.0,4,1
5,NC_006_S_4357_201111_05_FC,1,0,74.0,4,0
31,AD_130_S_4982_201310_05_FC,2,2,59.0,4,0
122,EMCI_002_S_2073_201109_05_FC,1,1,65.0,4,0
140,MCI_098_S_6534_201808_01_FC,1,1,61.0,4,1
125,MCI_301_S_6056_201708_07_FC,1,1,65.0,4,1
167,LMCI_006_S_4346_201211_05_FC,1,1,72.0,4,1
68,LMCI_013_S_4395_201301_05_FC,1,1,74.0,4,0
13,EMCI_031_S_4476_201204_06_FC,1,1,89.0,4,1
38,EMCI_013_S_4768_201206_05_FC,1,1,62.0,4,0
17,LMCI_130_S_4817_201307_06_FC,1,1,62.0,4,1
116,AD_130_S_4971_201210_05_FC,2,2,76.0,4,1
11,LMCI_006_S_4960_201311_06_FC,1,1,61.0,4,1
89,LMCI_012_S_4094_201110_05_FC,1,1,60.0,4,0
91,AD_019_S_4477_201302_05_FC,2,2,83.0,4,0
114,AD_019_S_4252_201112_05_FC,2,2,87.0,4,0
96,AD_018_S_5240_201307_05_FC,1,2,62.0,4,0
40,LMCI_018_S_4889_201302_06_FC,1,1,76.0,4,1
72,NC_019_S_4835_201807_09_FC,1,0,85.0,4,1
97,MCI_037_S_6222_201805_01_FC,1,1,74.0,4,0
88,AD_130_S_5006_201311_05_FC,2,2,69.0,4,0
39,LMCI_135_S_4723_201807_01_FC,1,1,76.0,4,0
147,OAS30819_MR_d0572,1,0,72.099,5,0
45,LMCI_031_S_4029_201205_05_FC,1,1,62.0,4,1
47,EMCI_130_S_4405_201402_05_FC,1,1,74.0,4,1
19,MCI_006_S_6291_201804_15_FC,1,1,72.0,4,1
37,EMCI_014_S_2308_201709_01_FC,1,1,81.0,4,1
63,OAS30673_MR_d2417,0,0,45.265,5,0
136,EMCI_013_S_2324_201110_11_FC,1,1,57.0,4,0
8,EMCI_130_S_4405_201602_05_FC,1,1,76.0,4,1
164,MCI_022_S_6280_201804_01_FC,1,1,80.0,4,0
159,AD_006_S_4546_201203_07_FC,2,2,71.0,4,1
101,MCI_135_S_6110_201711_01_FC,1,1,72.0,4,0
33,AD_130_S_4990_201210_05_FC,2,2,75.0,4,0
7,EMCI_002_S_2073_201209_05_FC,1,1,65.0,4,0
139,AD_019_S_5012_201211_05_FC,2,2,76.0,4,1
23,LMCI_036_S_4430_201711_01_FC,1,1,86.0,4,1
75,LMCI_006_S_4363_201202_05_FC,1,1,74.0,4,0
77,EMCI_031_S_4947_201209_05_FC,1,1,75.0,4,1
81,AD_053_S_5070_201402_05_FC,2,2,72.0,4,1
95,AD_006_S_4192_201109_08_FC,2,2,82.0,4,1
142,MCI_019_S_6315_201804_09_FC,1,1,71.0,4,1
126,EMCI_100_S_4512_201204_05_FC,1,1,68.0,4,0
103,EMCI_018_S_4868_201608_04_FC,1,1,81.0,4,1
57,LMCI_006_S_4960_201805_08_FC,1,1,65.0,4,1
158,EMCI_027_S_2245_201801_01_FC,1,1,64.0,4,0
1,EMCI_002_S_4237_201205_05_FC,1,1,82.0,4,0
34,AD_130_S_4660_201204_05_FC,2,2,77.0,4,0
41,EMCI_053_S_2357_201104_05_FC,1,1,72.0,4,1
21,EMCI_100_S_4512_201306_05_FC,1,1,69.0,4,0
98,MCI_003_S_1074_201709_01_FC,1,1,96.0,4,0
112,EMCI_012_S_4987_201311_05_FC,1,1,70.0,4,1
15,MCI_007_S_6341_201804_01_FC,1,1,67.0,4,1
181,MCI_109_S_6300_201807_01_FC,1,1,70.0,4,1
131,EMCI_031_S_4947_201410_05_FC,1,1,77.0,4,1
79,MCI_037_S_0377_201803_01_FC,1,1,91.0,4,1
46,EMCI_018_S_2180_201103_06_FC,1,1,78.0,4,0
76,NC_012_S_4545_201209_05_FC,1,0,68.0,4,0
130,EMCI_012_S_4188_201510_05_FC,1,1,81.0,4,1
84,EMCI_053_S_4661_201205_05_FC,1,1,74.0,4,1
148,LMCI_031_S_4203_201209_06_FC,1,1,76.0,4,0
71,EMCI_002_S_4447_201204_05_FC,1,1,68.0,4,0
16,MCI_141_S_1052_201807_01_FC,1,1,81.0,4,0
53,EMCI_068_S_2187_201708_01_FC,1,1,64.0,4,0
127,LMCI_012_S_4094_201207_05_FC,1,1,61.0,4,0
134,EMCI_130_S_2373_201205_06_FC,1,1,80.0,4,0
168,EMCI_068_S_4332_201707_01_FC,1,1,75.0,4,1
14,EMCI_002_S_2010_201010_06_FC,1,1,63.0,4,0
145,EMCI_013_S_2389_201109_05_FC,1,1,58.0,4,0
56,AD_006_S_4546_201206_05_FC,2,2,71.0,4,1
27,MCI_002_S_1155_201501_05_FC,1,1,66.0,4,1
171,NC_082_S_4224_201803_01_FC,1,0,82.0,4,1
179,OAS31153_MR_d1239,0,0,62.828,5,1
55,EMCI_018_S_2138_201011_05_FC,1,1,82.0,4,1
64,LMCI_006_S_4515_201205_07_FC,1,1,75.0,4,1
69,MCI_941_S_6392_201805_01_FC,1,1,89.0,4,1
22,EMCI_018_S_4868_201308_09_FC,1,1,78.0,4,1
153,EMCI_130_S_2402_201109_06_FC,1,1,70.0,4,0
42,OAS30899_MR_d1616,1,0,74.661,5,1
0,OAS30715_MR_d1230,0,0,52.813,5,1
50,AD_130_S_5006_201302_08_FC,2,2,69.0,4,0
178,AD_019_S_5012_201312_05_FC,2,2,77.0,4,1
157,NC_018_S_4313_201511_04_FC,1,0,81.0,4,0
4,EMCI_002_S_2043_201012_05_FC,1,1,73.0,4,0
144,AD_130_S_4589_201203_05_FC,2,2,75.0,4,0
99,EMCI_006_S_4679_201209_05_FC,1,1,70.0,4,1
108,NC_098_S_4003_201711_01_FC,1,0,79.0,4,0
166,OAS30858_MR_d2100,0,0,69.248,5,0
133,NC_168_S_6098_201710_01_FC,0,0,63.0,4,1
93,EMCI_002_S_2073_201310_05_FC,1,1,67.0,4,0
172,EMCI_002_S_4473_201603_05_FC,1,1,79.0,4,1
120,LMCI_002_S_4219_201112_06_FC,1,1,80.0,4,0
143,EMCI_053_S_2396_201111_07_FC,1,1,71.0,4,0
86,EMCI_013_S_4268_201201_06_FC,1,1,64.0,4,0
83,MCI_027_S_6463_201807_01_FC,1,1,83.0,4,1
151,OAS31018_MR_d0041,0,0,61.517,5,1
48,EMCI_127_S_4301_201710_01_FC,1,1,81.0,4,1
44,MCI_941_S_6345_201805_01_FC,1,1,79.0,4,1
183,AD_006_S_4153_201203_06_FC,2,2,80.0,4,1
6,EMCI_002_S_2010_201101_06_FC,1,1,64.0,4,0
66,MCI_301_S_6297_201804_08_FC,1,1,81.0,4,1
124,EMCI_031_S_4947_201301_05_FC,1,1,75.0,4,1
146,EMCI_002_S_4473_201703_01_FC,1,1,80.0,4,1
43,EMCI_100_S_4556_201207_05_FC,1,1,73.0,4,1
82,NC_037_S_0303_201705_01_FC,1,0,95.0,4,1
54,EMCI_041_S_4876_201707_01_FC,1,1,79.0,4,1
52,EMCI_012_S_4987_201302_05_FC,1,1,70.0,4,1
30,EMCI_114_S_4404_201712_01_FC,1,1,89.0,4,0
80,LMCI_127_S_4210_201709_01_FC,1,1,70.0,4,1
105,EMCI_002_S_4799_201206_05_FC,1,1,68.0,4,1
28,OAS30996_MR_d4705,0,0,62.606,5,0
138,NC_035_S_6306_201804_01_FC,1,0,73.0,4,1
141,AFM0214,0,0,76.0,3,0
115,EMCI_012_S_4012_201305_05_FC,1,1,71.0,4,0
78,EMCI_002_S_4799_201209_05_FC,1,1,68.0,4,1
152,AD_019_S_4252_201109_07_FC,2,2,86.0,4,0
162,LMCI_130_S_4542_201206_05_FC,1,1,80.0,4,0
94,EMCI_012_S_4128_201203_05_FC,1,1,74.0,4,0
119,EMCI_013_S_4268_201205_05_FC,1,1,64.0,4,0
10,EMCI_019_S_4285_201311_06_FC,1,1,76.0,4,1
149,EMCI_006_S_4679_201209_06_FC,1,1,70.0,4,1
85,LMCI_006_S_4960_201305_08_FC,1,1,60.0,4,1
90,LMCI_006_S_4960_201210_05_FC,1,1,60.0,4,1
20,EMCI_002_S_2073_201409_05_FC,1,1,68.0,4,0
29,EMCI_018_S_4597_201203_05_FC,1,1,69.0,4,0
65,NC_941_S_4292_201708_01_FC,1,0,77.0,4,1
118,OAS31021_MR_d1318,0,0,61.511,5,1
137,EMCI_141_S_2333_201712_01_FC,1,1,74.0,4,1
104,LMCI_018_S_4889_201308_05_FC,1,1,77.0,4,1
111,EMCI_018_S_2180_201012_05_FC,1,1,78.0,4,0
154,LMCI_002_S_4229_201112_05_FC,1,1,67.0,4,1
